,Polling Firm,Commissioner,Date,Sample Size,Coalition of the Left,New Democracy,People’s Association / Golden Dawn,Movement for Change,Communist Party of Greece,The River,Independent Greeks,Union of Centrists,Popular Unity,Course of Freedom,Greek Solution,European Realistic Disobedience Front,Others
1,Interview,Politic.gr,2023-01-16,1675,28.4,36.0,,11.2,6.7,,,,,,5.0,3.9,
2,Opinion Poll,The TOC,2023-01-13,1005,29.3,38.6,,11.8,5.3,,,,,,4.7,3.2,
3,Alco,Alpha TV,2023-01-13,1002,27.8,35.8,,12.4,6.4,,,,,,5.1,3.8,
4,Marc,Πρώτο ΘΕΜΑ,2022-12-21,1003,28.0,37.0,,11.6,6.4,,,,,,4.6,3.4,
5,Pulse RC,ΣΚΑΪ,2022-12-19,1103,29.3,37.9,,11.5,5.2,,,,,,4.0,3.4,
6,Interview,Politic.gr,2022-12-19,1655,27.1,36.7,,11.3,5.6,,,,,,5.3,3.4,
7,GPO,Powergame.gr,2022-12-15,1000,29.5,36.8,,11.5,7.2,,,,,,4.5,2.7,
8,MRB,,2022-12-09,2000,27.2,33.5,,13.3,6.0,,,,,,5.3,3.4,
9,Opinion Poll,Lykavitos,2022-12-02,1251,28.7,38.1,,13.3,5.3,,,,,,4.6,2.7,
10,RASS,Action 24,2022-12-02,1002,26.7,35.5,,15.7,7.0,,,,,,4.3,3.7,
11,GPO,Star TV,2022-11-28,1200,29.4,37.1,,12.6,6.5,,,,,,3.9,2.5,
12,Marc,ANT1,2022-11-27,1030,27.6,36.8,,13.0,6.4,,,,,,4.7,3.5,
13,Prorata,Η Εφημερίδα των Συντακτών,2022-11-22,1905,29.9,35.9,,12.6,5.4,,,,,,4.8,3.0,
14,Pulse RC,ΣΚΑΪ,2022-11-22,1205,29.1,36.6,,12.6,5.7,,,,,,4.0,3.4,
15,Metron Analysis,Mega TV,2022-11-22,1000,26.4,36.5,,14.3,6.1,,,,,,4.3,4.5,
16,Interview,Politic.gr,2022-11-21,1605,28.0,35.7,,11.3,6.7,,,,,,5.3,3.9,
17,Alco,Alpha TV,2022-11-18,1000,26.8,35.3,,13.3,6.1,,,,,,5.7,3.2,
18,GPO,Παραπολιτικά,2022-11-10,1000,29.9,36.6,,12.2,6.8,,,,,,4.2,2.7,
19,MRB,Open TV,2022-11-02,1000,28.0,35.5,,14.0,6.1,,,,,,5.5,3.7,
20,Pulse RC,ΣΚΑΪ,2022-10-25,1207,29.1,37.2,1.1,12.6,5.7,,,,,,4.0,2.9,
21,Marc,ANT1,2022-10-22,1050,27.3,37.4,,12.9,6.0,,,,,,5.1,3.6,
22,Interview,Politic.gr,2022-10-19,1575,27.6,35.6,,12.0,7.1,,,,,,5.5,3.3,
23,GPO,Powergame.gr,2022-10-15,1200,29.4,37.6,,11.8,6.3,,,,,,4.4,3.0,
24,Alco,Alpha TV,2022-10-14,1002,26.1,35.6,,13.0,6.4,,,,,,5.8,3.6,
25,MRB,Newsbomb,2022-10-12,1000,27.4,35.6,,13.5,5.9,,,,,,5.2,3.7,
26,Interview,Politic.gr,2022-09-27,1455,26.2,35.3,,11.6,6.7,,,,,,5.6,3.9,
27,Metron Analysis,Mega TV,2022-09-26,1300,25.4,35.8,,15.0,6.3,,,,,,5.9,4.2,
28,Marc,ANT1,2022-09-24,1166,27.6,37.6,,13.1,6.2,,,,,,4.7,3.2,
29,Palmos Analysis,The Caller,2022-09-23,1027,25.4,36.5,,14.1,7.0,,,,,,4.8,5.0,
30,Alco,Alpha TV,2022-09-23,1001,26.7,35.9,,13.6,6.3,,,,,,5.0,3.7,
31,MRB,Open TV,2022-09-21,1000,27.2,35.7,,13.4,6.1,,,,,,5.0,4.2,
32,Pulse RC,ΣΚΑΪ,2022-09-20,1012,29.4,37.9,,13.0,5.1,,,,,,4.0,3.4,
33,Pulse RC,ΣΚΑΪ,2022-09-15,1105,28.8,37.9,,12.4,5.6,,,,,,4.5,2.8,
34,GPO,Παραπολιτικά,2022-09-14,1000,28.3,37.2,,13.0,6.4,,,,,,4.6,2.4,
35,Opinion Poll,Mononews,2022-09-14,1004,27.5,38.3,,14.1,5.8,,,,,,5.7,2.7,
36,Pulse RC,ΣΚΑΪ,2022-09-09,1006,28.7,36.8,1.1,13.2,5.7,,,,,,4.0,2.9,
37,Prorata,Η Εφημερίδα των Συντακτών,2022-09-05,1010,29.8,35.7,,13.1,6.0,,,,,,4.2,3.0,
38,MRB,Newsbomb,2022-09-05,1000,26.7,34.5,,14.6,6.1,,,,,,5.4,4.9,
39,Metron Analysis,Mega TV,2022-08-31,1003,24.9,34.0,,15.7,7.5,,,,,,4.2,4.9,
40,Interview,Politic.gr,2022-08-29,1569,26.7,35.8,,12.8,5.7,,,,,,6.0,3.9,
41,Marc,Πρώτο ΘΕΜΑ,2022-08-25,1001,26.7,36.4,,14.0,6.1,,,,,,5.7,3.4,
42,GPO,Τα Νέα,2022-08-24,1000,28.7,35.8,,13.8,6.5,,,,,,5.5,2.4,
43,Prorata,Η Εφημερίδα των Συντακτών,2022-07-24,1300,29.3,35.6,,13.2,6.3,,,,,,4.0,2.9,
44,Marc,Πρώτο ΘΕΜΑ,2022-07-20,1009,26.6,37.2,,13.6,6.4,,,,,,5.5,3.2,
45,Opinion Poll,tomanifesto.gr,2022-07-15,1015,26.6,36.9,,13.8,5.9,,,,,1.3,5.6,2.9,
46,Pulse RC,ΣΚΑΪ,2022-07-13,1351,28.4,36.9,,14.2,6.3,,,,,,4.0,2.8,
47,Interview,Politic.gr,2022-07-06,1305,26.8,36.0,,13.6,5.5,,,,,,5.6,3.4,
48,Alco,Open TV,2022-07-04,1400,25.3,35.2,,14.4,6.0,,,,,,5.9,3.5,
49,GPO,Powergame.gr,2022-07-01,1200,27.6,37.8,,12.7,6.6,,,,,,5.3,2.6,
50,MRB,,2022-06-30,2000,25.7,34.1,,14.2,5.5,,,,,,5.2,3.6,
51,Marc,ANT1,2022-06-25,1059,25.7,37.1,,14.6,6.2,,,,,,5.3,3.3,
52,Pulse RC,ΣΚΑΪ,2022-06-08,1206,27.3,36.4,,15.3,5.7,,,,,,4.5,2.8,
53,Κάπα Research,,2022-06-01,1004,28.1,37.6,,14.1,7.2,,,,,,4.7,3.3,
54,Prorata,Η Εφημερίδα των Συντακτών,2022-06-01,1070,29.1,36.0,,14.5,5.8,,,,,,4.1,2.3,
55,Interview,Politic.gr,2022-05-31,1485,24.5,35.3,,14.5,6.4,,,,,,5.9,3.3,
56,Alco,Open TV,2022-05-28,1000,25.8,35.5,,14.5,6.1,,,,,,5.2,4.1,
57,Metron Analysis,Mega TV,2022-05-23,1300,25.7,36.1,,15.0,6.3,,,,,,5.2,3.7,
58,Marc,ANT1,2022-05-22,1037,25.5,37.0,,15.3,6.6,,,,,,5.3,3.2,
59,GPO,Τα Νέα,2022-05-18,1000,27.2,37.6,,13.8,6.3,,,,,,5.2,2.7,
60,MRB,Newsbomb,2022-05-18,1004,26.1,35.0,,14.2,5.8,,,,,,5.5,3.6,
61,Opinion Poll,tomanifesto.gr,2022-05-13,1001,25.6,36.7,,14.9,5.5,,,,,1.6,6.3,3.1,
62,Pulse RC,ΣΚΑΪ,2022-05-11,1206,26.4,35.4,,15.7,5.6,,,,,,4.5,3.4,
63,Marc,Πρώτο ΘΕΜΑ,2022-05-11,1014,25.1,36.9,,15.5,6.4,,,,,,5.1,3.5,
64,Interview,Politic.gr,2022-05-09,1485,25.0,34.9,,14.1,6.0,,,,,,6.2,3.8,
65,GPO,Powergame.gr,2022-05-07,1200,26.7,36.1,,14.8,6.9,,,,,,5.4,2.8,
66,Alco,Open TV,2022-04-30,1000,26.1,35.5,,15.1,7.0,,,,,1.2,5.7,3.5,
67,DATA RC,Πελοπόννησος & Dnews,2022-04-15,1026,28.9,36.0,,15.0,6.0,,,,,,4.5,2.0,
68,Prorata,Η Εφημερίδα των Συντακτών,2022-04-11,1236,29.0,35.5,,14.2,5.9,,,,,,4.1,2.4,
69,Interview,Politic.gr,2022-04-05,1410,24.3,34.2,,16.1,7.2,,,,,,5.6,3.4,
70,Opinion Poll,Mononews,2022-04-01,1001,25.9,36.8,,15.4,5.1,,,,,,5.7,3.5,
71,Pulse RC,ΣΚΑΪ,2022-03-29,1207,26.3,35.4,,15.4,6.3,,,,,,4.6,2.9,
72,Alco,Open TV,2022-03-26,1000,25.9,36.2,,15.1,6.8,,,,,1.3,5.2,3.3,
73,MRB,Newsbomb,2022-03-26,1000,25.9,34.9,,16.4,5.5,,,,,,6.0,3.8,
74,Metron Analysis,Mega TV,2022-03-21,1304,24.6,34.2,,16.7,6.3,,,,,,5.9,4.4,
75,Marc,ANT1,2022-03-21,1070,24.9,35.6,,16.2,6.4,,,,,,5.4,3.4,
76,Prorata,Η Εφημερίδα των Συντακτών,2022-03-14,1000,28.4,36.7,,14.8,5.9,,,,,,4.1,2.3,
77,GPO,Powergame.gr,2022-03-11,1000,26.3,37.6,,16.3,6.5,,,,,,4.9,2.7,
78,Marc,Πρώτο ΘΕΜΑ,2022-03-10,1026,24.3,37.3,,16.6,6.7,,,,,,5.4,2.8,
79,Abacus Research,Alpha TV,2022-03-08,1026,23.5,34.5,,16.5,5.8,,,,,,4.5,2.8,
80,Interview,Politic.gr,2022-03-06,1405,23.4,36.5,,17.4,5.6,,,,,,5.3,3.5,
81,Pulse RC,ΣΚΑΪ,2022-02-28,1205,26.0,36.2,,15.8,5.6,,,,,,4.5,3.4,
82,Alco,Open TV,2022-02-18,1000,26.1,37.3,,16.6,6.1,,,,,1.3,4.2,3.5,
83,Interview,Politic.gr,2022-02-14,1406,24.3,36.8,,16.3,5.7,,,,,,5.6,3.3,
84,Marc,ANT1,2022-02-12,1037,24.9,37.3,,17.3,6.2,,,,,,5.4,3.0,
85,Opinion Poll,tomanifesto.gr,2022-02-12,1251,24.2,38.5,,17.5,5.8,,,,,,4.9,3.2,
86,GPO,Powergame.gr,2022-02-03,1000,25.5,36.2,,16.7,7.2,,,,,,4.5,3.5,
87,Prorata,Η Εφημερίδα των Συντακτών,2022-01-31,1000,28.9,37.0,,15.0,5.8,,,,,,4.0,2.3,
88,Pulse RC,ΣΚΑΪ,2022-01-29,1308,25.0,35.2,,15.9,6.3,,,,,,5.1,2.8,
89,Abacus Research,Alpha TV,2022-01-23,1012,21.3,39.0,,20.7,6.1,,,,,,2.4,2.4,
90,Marc,ANT1,2022-01-22,1002,23.7,38.2,,17.4,5.9,,,,,,5.4,2.8,
91,Metron Analysis,Mega TV,2022-01-18,1306,24.3,36.1,,18.6,5.5,,,,,,5.1,4.1,
92,Prorata,iEidiseis,2022-01-16,1000,29.3,37.4,,13.8,5.2,,,,,,4.0,2.3,
93,Interview,Politic.gr,2022-01-12,1414,25.5,37.9,,14.0,5.3,,,,,,5.1,3.7,
94,Alco,Open TV,2021-12-18,1000,24.2,37.3,2.5,15.6,6.2,,,,,1.3,4.2,4.0,
95,GPO,Powergame.gr,2021-12-17,1000,25.4,38.0,,15.5,6.5,,,,,,4.5,3.4,
96,Marc,Πρώτο ΘΕΜΑ,2021-12-16,1010,22.4,38.5,,17.7,6.2,,,,,,5.4,2.5,
97,Prorata,Η Εφημερίδα των Συντακτών,2021-12-15,1885,28.7,37.9,,12.6,5.2,,,,,,4.0,2.3,
98,Interview,Politic.gr,2021-12-15,1365,26.8,38.1,,13.9,5.0,,,,,,5.5,3.6,
99,MRB,,2021-12-14,1000,24.4,37.9,,16.7,5.1,,,,,,4.7,3.3,
100,Κάπα Research,,2021-12-14,1003,27.3,39.3,,13.5,7.0,,,,,,4.3,3.5,
101,MRB,,2021-12-10,1500,25.9,38.2,,12.8,5.6,,,,,,4.8,3.7,
102,GPO,Παραπολιτικά,2021-11-25,1000,27.8,40.4,,11.1,6.4,,,,,,4.1,3.5,
103,Pulse RC,ΣΚΑΪ,2021-11-25,4012,26.6,38.2,,11.0,6.4,,,,,,4.6,3.5,
104,Metron Analysis,Mega TV,2021-11-23,1503,24.8,40.0,,12.8,6.5,,,,,,5.6,4.4,
105,Alco,Open TV,2021-11-20,1000,27.1,38.3,1.9,11.1,6.4,,,,,1.8,4.9,3.6,
106,Marc,Πρώτο ΘΕΜΑ,2021-11-18,1003,26.7,41.3,,11.1,6.9,,,,,,5.5,3.8,
107,MRB,Star,2021-11-17,3281,26.6,38.2,1.2,11.0,6.0,,,,,,5.1,4.4,
108,Marc,ANT1,2021-11-13,1003,26.6,42.1,,10.2,7.2,,,,,,5.3,3.6,
109,Metron Analysis,Το Βήμα,2021-11-09,2511,24.1,36.9,1.6,12.9,6.7,,,,,,5.7,5.3,
110,Interview,Politic.gr,2021-11-08,1734,26.3,40.0,,10.3,6.1,,,,,,5.9,3.4,
111,GPO,Powergame.gr,2021-10-29,1000,28.7,41.6,,8.3,6.8,,,,,,4.1,3.4,
112,Pulse RC,ΣΚΑΪ,2021-10-25,1907,27.3,40.1,,9.3,5.8,,,,,,4.1,3.5,
113,Opinion Poll,Mononews,2021-10-19,1005,27.3,43.7,,7.5,6.5,,,,,1.5,5.0,2.8,
114,Alco,Open TV,2021-10-16,1000,28.3,39.7,,7.3,6.0,,,,,1.8,5.0,4.6,
115,Interview,Political,2021-10-14,1115,25.3,40.0,,7.9,6.2,,,,,1.8,5.4,4.4,
116,Prorata,Η Εφημερίδα των Συντακτών,2021-10-12,1131,31.1,40.7,,7.8,5.4,,,,,,3.6,2.4,
117,Marc,ANT1,2021-10-11,1007,27.1,42.8,,7.7,6.9,,,,,,5.4,3.3,
118,Interview,Politic.gr,2021-09-30,1105,27.2,39.9,,8.0,5.6,,,,,,4.8,4.4,
119,Metron Analysis,Mega TV,2021-09-27,1200,26.2,41.0,,8.0,6.8,,,,,,5.3,5.5,
120,GPO,Powergame.gr,2021-09-24,1000,29.3,41.3,,7.0,7.3,,,,,,4.0,3.4,
121,Marc,Πρώτο ΘΕΜΑ,2021-09-23,1029,28.2,42.2,,7.4,6.6,,,,,,5.5,3.6,
122,MRB,Star,2021-09-21,1000,28.6,40.6,1.2,8.1,5.9,,,,,1.3,4.6,4.2,
123,Pulse RC,ΣΚΑΪ,2021-09-21,2018,27.6,39.7,,7.5,6.9,,,,,,5.2,3.4,
124,GPO,Παραπολιτικά,2021-09-15,1000,29.0,41.3,,7.5,6.8,,,,,,4.2,3.5,
125,Alco,Open TV,2021-09-17,1000,27.4,39.1,1.4,8.0,6.5,,,,,1.8,5.3,3.5,
126,MRB,Star,2021-09-15,1000,28.4,41.4,,8.4,6.3,,,,,,4.4,3.6,
127,Opinion Poll,Political,2021-09-07,1002,26.9,44.6,,7.9,7.0,,,,,,4.5,4.1,
128,Interview,Politic.gr,2021-08-27,1325,25.4,39.7,,7.0,6.0,,,,,,5.1,4.3,
129,GPO,Τα Νέα,2021-08-25,1000,28.4,40.2,,7.5,7.0,,,,,,4.8,3.5,
130,Prorata,iEidiseis,2021-08-24,1800,30.3,40.0,,7.9,5.5,,,,,,4.2,2.4,
131,Alco,Open TV,2021-07-17,1000,27.2,41.7,,7.9,6.2,,,,,1.8,5.2,4.1,
132,Prorata,,2021-07-11,1735,29.3,41.3,,8.4,4.8,,,,,,3.6,3.0,
133,GPO,Powergame.gr,2021-07-10,1000,28.5,42.8,,7.7,6.9,,,,,,4.3,3.6,
134,Opinion Poll,tomanifesto.gr,2021-07-07,1002,25.8,46.4,,8.0,7.0,,,,,,4.3,3.8,
135,Pulse RC,ΣΚΑΪ,2021-07-07,2611,26.4,41.4,,7.5,6.9,,,,,,5.2,4.0,
136,MRB,,2021-07-01,2000,28.3,43.6,1.4,8.4,6.2,,,,,,4.2,3.6,
137,GPO,Τα Νέα,2021-06-29,1000,28.4,42.9,,7.9,7.1,,,,,,4.8,3.5,
138,Marc,Πρώτο ΘΕΜΑ,2021-06-24,1000,25.8,45.7,,7.8,6.7,,,,,,4.3,3.6,
139,Interview,Βεργίνα TV,2021-06-23,1211,25.2,42.0,,8.0,6.5,,,,,,5.2,3.9,
140,Alco,Open TV,2021-06-19,1000,28.1,43.2,,8.0,6.4,,,,,1.8,4.7,3.9,
141,GPO,Powergame.gr,2021-06-05,1000,27.8,42.6,,8.2,7.2,,,,,,4.1,4.1,
142,Pulse RC,ΣΚΑΪ,2021-06-02,1304,27.0,41.9,,7.5,6.3,,,,,,4.6,4.0,
143,Opinion Poll,,2021-05-28,1605,24.8,46.6,,8.4,6.6,,,,,,5.2,3.9,
144,Metron Analysis,Mega TV,2021-05-24,1202,25.5,43.1,,7.6,6.7,,,,,,5.1,6.0,
145,Alco,Open TV,2021-05-21,1000,27.9,43.3,,7.9,6.0,,,,,1.3,4.7,3.4,
146,Interview,Βεργίνα TV,2021-05-17,1405,24.4,42.0,,8.1,6.4,,,,,,5.8,4.2,
147,GPO,Powergame.gr,2021-05-07,1005,27.3,43.4,,8.5,7.2,,,,,,4.6,3.8,
148,Marc,Πρώτο ΘΕΜΑ,2021-04-27,1025,25.8,44.7,,8.4,6.6,,,,,,5.3,3.6,
149,Pulse RC,ΣΚΑΪ,2021-04-25,1305,27.5,42.1,,7.6,6.4,,,,,,4.6,3.5,
150,Opinion Poll,,2021-04-23,1001,26.1,46.7,,8.0,5.9,,,,,,5.2,3.5,
151,Interview,Politic.gr,2021-04-22,1205,25.5,42.3,,7.7,6.5,,,,,,5.5,4.2,
152,Interview,Βεργίνα TV,2021-04-19,1115,25.3,42.3,,7.7,6.4,,,,,,5.9,3.9,
153,Alco,Open TV,2021-04-16,1000,27.6,43.3,,6.8,6.5,,,,,1.6,4.9,3.4,
154,GPO,Powergame.gr,2021-04-09,1000,27.8,42.5,,8.3,7.6,,,,,,4.7,4.0,
155,Prorata,Η Εφημερίδα των Συντακτών,2021-04-06,1000,30.2,41.5,,7.5,5.7,,,,,,3.8,3.8,
156,Pulse RC,ΣΚΑΪ,2021-03-28,1306,28.2,41.1,,7.6,5.9,,,,,,5.3,3.5,
157,Metron Analysis,Mega TV,2021-03-22,1205,27.5,43.4,,8.1,5.9,,,,,,5.8,4.6,
158,Marc,Alpha TV,2021-03-22,1003,25.7,45.2,,8.1,6.5,,,,,,5.3,3.5,
159,Interview,Βεργίνα TV,2021-03-22,1105,25.4,42.7,,7.5,5.0,,,,,,5.9,4.0,
160,Alco,Open TV,2021-03-17,1000,26.7,42.8,,7.0,6.9,,,,,1.7,4.9,3.3,
161,GPO,Powergame.gr,2021-03-05,1000,27.2,43.2,,8.5,7.5,,,,,,4.9,3.6,
162,GPO,Τα Νέα,2021-03-03,1000,27.2,43.5,,8.5,7.5,,,,,,4.9,3.6,
163,MRB,Star,2021-03-03,1000,28.4,45.0,,7.2,5.8,,,,,,5.7,4.4,
164,Pulse RC,ΣΚΑΪ,2021-02-28,1306,25.7,42.1,,8.2,6.4,,,,,,5.2,3.6,
165,Opinion Poll,Political,2021-02-26,1001,25.1,46.4,,8.4,6.6,,,,,,5.2,3.6,
166,Prorata,Η Εφημερίδα των Συντακτών,2021-02-22,1000,30.3,41.8,,7.0,5.7,,,,,,3.2,4.4,
167,Opinion Poll,,2021-02-19,1003,25.1,46.3,,8.8,6.6,,,,,,5.5,3.8,
168,Alco,Open TV,2021-02-18,1000,26.7,43.2,,7.5,6.3,,,,,1.5,5.2,3.4,
169,Interview,Βεργίνα TV,2021-02-17,1205,23.5,43.2,,9.1,6.0,,,,,,5.7,3.9,
170,Pulse RC,ΣΚΑΪ,2021-01-27,1706,25.4,42.8,,8.1,6.9,,,,,,5.2,3.5,
171,Metron Analysis,Mega TV,2021-01-25,1200,25.3,46.3,,8.2,7.3,,,,,,4.6,3.1,
172,GPO,Παραπολιτικά,2021-01-20,1000,27.6,44.1,,7.3,7.2,,,,,,4.7,3.6,
173,Alco,Open TV,2021-01-19,1000,27.1,44.2,,6.7,6.5,,,,,1.5,4.6,3.1,
174,Marc,Αlpha TV,2021-01-11,1010,25.0,48.3,,8.1,6.3,,,,,,4.8,2.5,
175,Opinion Poll,Political,2021-01-08,1004,26.5,47.8,,8.1,6.3,,,,,,4.0,3.3,
176,Pulse RC,ΣΚΑΪ,2020-12-16,2418,26.6,43.9,,7.5,6.4,,,,,,4.6,2.9,
177,MRB,Star,2020-12-11,2000,27.2,44.9,1.2,7.9,5.9,,,,,,4.8,3.7,
178,Alco,Open TV,2020-12-09,1000,26.2,44.1,,8.0,6.5,,,,,1.7,4.9,3.5,
179,Interview,Political,2020-12-07,1205,24.7,44.8,,8.0,5.5,,,,,,5.5,3.2,
180,Interview,Βεργίνα TV,2020-12-02,1100,25.4,45.2,,8.0,5.4,,,,,,5.9,3.1,
181,Prorata,,2020-11-27,2726,29.4,44.2,,6.1,5.5,,,,,,3.7,3.7,
182,Pulse RC,ΣΚΑΪ,2020-11-26,1312,25.5,44.0,,7.5,6.5,,,,,,6.0,3.5,
183,MRB,Star,2020-11-24,1004,27.1,47.0,,7.1,5.6,,,,,,5.3,3.4,
184,Κάπα Research,,2020-11-19,1054,28.6,45.7,,7.3,6.2,,,,,,4.2,3.4,
185,Metron Analysis,MEGA TV,2020-11-24,1205,24.8,45.8,,8.0,6.3,,,1.4,,,5.5,3.8,
186,Opinion Poll,,2020-11-11,1000,24.4,48.6,,8.4,6.5,,,,,,4.0,3.6,
187,GPO,Παραπολιτικά,2020-11-13,1000,28.9,44.5,,7.6,6.5,,,,,,4.3,2.5,
188,Alco,Open TV,2020-11-11,1000,25.9,43.4,1.3,8.3,6.7,,,,,1.3,3.6,3.5,
189,GPO,Action24,2020-10-28,1000,28.1,45.6,,8.3,6.3,,,,,,3.7,3.1,
190,Pulse RC,ΣΚΑΪ,2020-10-22,1000,25.5,45.1,,7.6,6.5,,,,,,4.9,3.3,
191,Interview,Βεργίνα TV,2020-10-21,1184,22.1,45.5,,8.4,5.8,,,,,,5.2,3.5,
192,Opinion Poll,,2020-10-15,1000,23.8,49.9,,8.8,6.8,,,,,,4.2,3.7,
193,Marc,Αlpha TV,2020-10-14,1007,24.3,48.9,,8.1,6.6,,,,,,4.1,3.1,
194,Alco,Open TV,2020-10-10,1000,25.8,43.1,2.2,7.5,6.0,,,,,1.4,4.8,4.2,
195,Metron Analysis,MEGA TV,2020-09-29,1202,25.5,47.9,,6.9,5.9,,,,,,5.7,3.4,
196,Pulse RC,ΣΚΑΪ,2020-09-23,1305,26.4,45.4,,7.5,6.3,,,,,,4.6,2.9,
197,MRB,Star,2020-09-23,1009,25.8,48.0,,6.2,5.8,,,,,,5.0,3.6,
198,Interview,Βεργίνα TV,2020-09-23,1112,22.9,45.4,,8.6,5.3,,,,,,5.2,3.4,
199,GPO,Παραπολιτικά,2020-09-16,1000,26.8,46.6,,8.1,6.6,,,,,,3.9,3.1,
200,Alco,Open TV,2020-09-16,1000,25.2,44.4,,7.8,6.1,,,,,1.7,5.2,3.4,
201,Marc,Πρώτο ΘΕΜΑ,2020-09-12,1527,24.6,49.9,,8.0,6.3,,,,,,3.7,1.9,
202,Opinion Poll,,2020-09-10,1002,24.7,51.1,,7.4,6.3,,,,,,3.8,2.8,
203,GPO,Τα Νέα,2020-09-02,1000,26.7,46.9,,8.3,6.2,,,,,,4.2,3.0,
204,Interview,Βεργίνα TV,2020-07-15,1112,24.1,47.4,,7.4,5.2,,,,,,5.2,4.0,
205,Marc,Αlpha TV,2020-07-13,1020,24.6,50.1,1.2,6.9,6.0,,,,,,4.1,2.3,
206,Pulse RC,ΣΚΑΪ,2020-07-08,1305,26.0,46.5,1.0,7.0,6.0,,,,,,4.0,3.0,
207,Alco,Open TV,2020-07-04,1000,27.7,46.1,,6.9,6.0,,,,,1.3,3.7,3.5,
208,Opinion Poll,,2020-07-03,1100,24.7,49.1,1.4,6.9,6.0,,,,,1.4,4.2,3.0,
209,Κάπα Research,,2020-07-02,1000,27.0,47.3,1.7,6.5,5.2,,,,,,3.8,3.1,
210,Marc,,2020-07-02,2000,25.5,52.2,,7.0,6.0,,,,,,4.4,2.5,
211,Metron Analysis,Το Βήμα,2020-06-29,1388,25.8,50.4,,7.0,7.6,,,,,,3.9,4.0,
212,Prorata,,2020-06-26,2200,28.5,46.0,1.0,6.0,5.0,,,,,,3.5,3.0,
213,GPO,Τα Νέα,2020-06-26,1500,26.0,49.0,,7.0,6.5,,,,,,5.0,3.0,
214,MRB,Star,2020-06-25,2200,25.2,46.2,1.7,7.6,6.0,,,,,,4.4,3.2,
215,Interview,Βεργίνα TV,2020-06-09,1100,23.6,47.1,,7.7,5.0,,,,,,5.2,3.7,
216,Alco,Open TV,2020-06-08,1000,26.8,46.1,1.6,7.4,6.1,,,,,1.2,4.2,3.0,
217,Opinion Poll,paraskhnio.gr,2020-06-03,1060,24.3,50.9,2.5,6.4,5.9,,,,,,4.4,3.3,
218,Pulse RC,ΣΚΑΪ,2020-06-03,1208,26.0,48.0,,6.5,5.5,,,,,,4.0,3.5,
219,GPO,Παραπολιτικά,2020-05-27,1000,24.1,50.2,,7.2,6.5,,,,,,4.8,3.0,
220,Metron Analysis,MEGA TV,2020-05-27,1201,25.7,49.6,2.0,6.3,5.7,,,,,,3.2,3.1,
221,MRB,Star,2020-05-13,1228,25.2,49.7,,6.2,5.3,,,,,,4.8,3.7,
222,Alco,Open TV,2020-05-10,1000,26.1,46.2,2.8,6.8,6.4,,,,,1.5,4.4,2.5,
223,Opinion Poll,,2020-05-09,1080,25.1,50.4,1.4,5.6,6.3,,,,,,5.0,3.8,
224,Pulse RC,ΣΚΑΪ,2020-05-06,1207,25.0,48.0,1.5,7.0,6.0,,,,,,4.5,3.0,
225,Interview,Βεργίνα TV,2020-05-06,1105,23.1,49.0,,7.4,5.3,,,,,,5.2,3.4,
226,Prorata,,2020-04-29,2500,28.0,46.0,2.0,6.0,6.0,,,,,,5.0,3.0,
227,Metron Analysis,MEGA TV,2020-04-28,1204,25.4,50.4,1.8,5.9,5.6,,,,,,3.4,3.8,
228,GPO,Παραπολιτικά,2020-04-22,1000,25.8,49.8,,7.3,5.5,,,,,,4.9,3.0,
229,Κάπα Research,ΕΘΝΟΣ,2020-04-17,1060,27.3,49.0,2.4,5.9,5.1,,,,,,3.8,3.3,
230,Marc,Alpha TV,2020-04-13,1020,24.5,52.7,1.8,6.5,5.8,,,,,,3.7,2.4,
231,Pulse RC,ΣΚΑΪ,2020-04-01,1250,24.5,50.0,1.0,6.0,5.5,,,,,,5.0,3.0,
232,Opinion Poll,Πρώτο ΘΕΜΑ,2020-03-26,1095,25.5,50.5,,6.3,6.9,,,,,,5.7,2.5,
233,Opinion Poll,Πρώτο ΘΕΜΑ,2020-03-07,1200,26.1,48.7,,5.7,6.3,,,,,,5.7,3.4,
234,Alco,Open TV,2020-03-07,1000,28.1,43.9,3.6,7.2,6.6,,,,,1.5,6.2,2.7,
235,Pulse RC,ΣΚΑΪ,2020-03-04,1258,28.0,43.5,1.5,7.5,5.5,,,,,,6.0,3.0,
236,Opinion Poll,,2020-01-27,1098,26.7,48.0,,6.3,5.8,,,,,,5.4,3.4,
237,Metron Analysis,Το Βήμα,2020-01-22,1203,26.8,45.2,,7.1,6.1,,,,,,5.8,4.9,
238,Pulse RC,ΣΚΑΪ,2020-01-22,1210,29.0,43.0,1.5,7.5,5.5,,,,,,5.0,3.5,
239,MRB,Star,2020-01-17,1436,26.4,43.5,1.7,7.5,6.2,,,,,,5.3,4.1,
240,Interview,Βεργίνα TV,2020-01-08,1005,28.1,45.8,,5.4,5.4,,,,,,4.7,3.5,
241,Pulse RC,ΣΚΑΪ,2019-12-18,1202,28.0,42.5,2.5,7.5,6.0,,,,,,5.0,3.5,
242,MRB,Star,2019-12-05,2000,27.6,41.5,3.0,8.7,6.2,,,,,,4.8,3.6,
243,Opinion Poll,,2019-11-28,1058,27.8,49.0,,6.4,6.2,,,,,,5.4,3.6,
244,Μetron Analysis,Το Βήμα,2019-11-20,1203,25.7,45.4,1.7,7.5,5.8,,,,,,5.1,4.6,
245,Pulse RC,ΣΚΑΪ,2019-11-20,1211,27.6,43.7,1.1,6.9,6.3,,,,,,4.6,4.0,
246,Palmos Analysis,GUE–NGL,2019-11-14,1013,27.4,40.6,3.9,6.4,6.8,,,0.7,,1.3,4.3,3.5,
247,Marc,Πρώτο ΘΕΜΑ,2019-10-31,1003,27.5,47.6,2.2,6.7,6.0,,,,,1.4,3.4,3.4,
248,Pulse RC,ΣΚΑΪ,2019-10-23,1103,28.5,44.0,1.5,7.0,5.5,,,,,,4.0,4.5,
249,Μetron Analysis,Το Βήμα,2019-09-18,1202,26.8,46.1,1.8,7.1,6.8,,,,,,3.9,4.4,
250,Pulse RC,ΣΚΑΪ,2019-09-18,1110,29.5,44.5,,7.0,5.0,,,,,,3.5,4.5,
251,MRB,Star,2019-09-16,1020,26.7,44.4,,7.8,5.9,,,,,,3.8,5.2,
252,Marc,Πρώτο ΘΕΜΑ,2019-09-05,1001,28.2,45.9,1.8,7.4,5.8,,,,,1.3,3.3,3.3,
253,Opinion Poll,,2019-09-04,1102,26.6,48.3,2.4,6.2,5.1,,,,,1.6,3.7,3.8,
254,Metron Analysis,,2019-07-05,1449,28.0,40.0,4.5,7.7,5.5,,,1.5,,,3.0,4.0,
255,Κάπα Research,ΕΘΝΟΣ,2019-07-05,1241,28.0,40.0,3.9,7.3,5.4,,,1.5,,1.5,3.1,3.4,
256,Marc,ANT1,2019-07-04,1412,27.5,38.9,3.6,7.0,5.5,,,1.2,,1.9,3.9,3.7,
257,MRB,Star,2019-07-04,1205,28.5,38.8,3.9,7.8,5.7,,,2.4,,1.7,3.4,4.1,
258,RASS,Action24,2019-07-04,1003,27.7,39.4,2.7,8.2,5.9,,,2.0,,1.8,3.2,3.0,
259,Metron Analysis,Alpha TV,2019-07-01,1207,29.2,38.6,4.0,7.5,5.2,,,2.0,,1.7,3.4,4.5,
260,Pulse RC,ΣΚΑΪ,2019-07-03,1206,30.3,38.9,4.3,7.6,5.4,,,1.6,,1.6,3.2,3.2,
261,Interview,Βεργίνα TV,2019-07-03,1005,25.1,35.7,4.3,7.2,5.3,,,1.7,,,4.0,2.4,
262,Public Issue,,2019-07-03,1003,27.0,42.5,3.5,8.0,5.5,,,2.0,,,3.0,3.0,
263,Alco,Open TV,2019-07-02,1000,27.8,38.9,4.1,8.0,4.9,,,1.6,,1.5,3.6,3.0,
264,Prorata,,2019-07-01,1000,26.5,39.5,3.6,7.0,5.5,,,,,,3.2,3.2,
265,RASS,in.gr,2019-06-27,1002,28.7,38.8,3.5,9.5,6.7,,,1.4,,,3.7,3.1,
266,MRB,Τα Νέα,2019-06-26,1014,29.0,37.9,3.8,8.1,5.0,,,2.3,,1.3,3.6,3.4,
267,Interview,Politik,2019-06-26,1005,28.5,39.1,4.6,7.3,5.2,,,1.7,,1.1,4.5,2.8,
268,Pulse RC,ΣΚΑΪ,2019-06-26,1504,29.4,38.9,4.4,7.2,5.5,,,1.7,,1.1,3.9,3.9,
269,Marc,ANT1,2019-06-23,1214,27.2,39.2,3.6,7.5,5.7,,,1.6,,1.7,3.6,3.9,
270,Prorata,Newpost,2019-06-20,1000,27.6,40.2,4.0,7.5,5.2,1.4,,1.1,,1.1,2.9,3.4,
271,Interview,Βεργίνα TV,2019-06-20,1000,22.4,34.2,3.2,6.0,4.8,,,1.5,,1.8,3.8,2.5,
272,Pulse RC,ΣΚΑΪ,2019-06-19,1221,29.6,37.8,5.8,8.5,6.9,,,2.3,,2.3,4.1,4.6,
273,Opinion Poll,,2019-06-19,1000,27.0,39.8,3.3,6.4,4.6,,,1.1,,2.3,3.6,4.1,
274,Metron Analysis,Το Βήμα,2019-06-19,1001,29.5,38.0,3.3,8.0,5.2,,,2.5,,,2.8,2.4,
275,Alco,,2019-06-19,1000,23.2,32.4,3.8,6.5,4.8,,,1.1,,1.8,3.0,3.5,
276,Marc,,2019-06-13,1115,28.7,40.1,4.1,8.3,5.7,,,1.2,,,3.5,,
277,Pulse RC,ΣΚΑΪ,2019-06-12,1356,28.8,37.9,5.6,7.3,6.2,,,1.1,,,3.4,4.0,
278,MRB,Star,2019-06-12,1003,28.0,37.0,5.4,7.3,6.0,,,2.1,,,3.0,4.0,
279,Metron Analysis,Alpha TV,2019-06-05,1201,29.6,39.8,4.7,7.8,4.8,,,,,,2.5,3.5,
280,Pulse RC,ΣΚΑΪ,2019-06-01,1358,26.7,36.4,5.3,8.6,5.9,1.6,,1.6,,1.6,4.3,3.0,
281,Palmos Analysis,,2019-05-23,1033,27.5,31.9,8.1,7.4,7.3,2.3,0.8,0.8,1.0,,4.0,,
282,Marc,,2019-05-23,1507,27.0,35.4,6.5,8.0,5.8,1.6,1.2,1.9,1.3,,2.5,,
283,RB,,2019-05-23,1001,25.0,32.2,6.7,7.5,6.7,2.7,1.6,2.8,,1.2,2.1,,
284,Pulse RC,ΣΚΑΪ,2019-05-22,1208,26.8,34.6,7.3,7.8,6.1,1.9,1.6,2.1,1.6,1.4,2.3,,
285,Κάπα Research,,2019-05-22,1004,27.8,31.7,7.9,7.2,6.0,2.7,2.0,1.9,1.4,1.1,3.3,,
286,Interview,,2019-05-22,1105,28.1,37.1,5.8,7.4,5.6,1.3,1.3,1.8,1.3,1.6,3.0,,
287,Innovation Metrisis,,2019-05-21,1029,25.6,34.6,7.8,9.3,7.6,1.9,,2.6,1.3,1.6,2.8,,
288,Metron Analysis,,2019-05-20,1433,27.1,35.5,5.9,6.6,5.6,2.0,1.3,2.8,,1.9,2.3,,
289,Prorata,,2019-05-18,1000,29.0,35.0,8.3,8.0,7.1,1.4,0.5,1.6,1.1,0.5,2.5,,
290,RASS,,2019-05-17,1003,26.3,36.0,7.3,9.9,7.6,,1.7,3.0,,,2.4,,
291,Alco,,2019-05-19,1000,27.0,34.3,6.5,6.5,5.7,2.2,1.8,3.0,2.1,1.3,2.9,,
292,Palmos Analysis,,2019-05-17,1027,29.2,33.7,6.4,6.1,7.2,2.5,0.5,1.6,1.0,0.7,4.0,,
293,Marc,,2019-05-16,1304,26.2,34.8,7.0,7.5,6.1,1.4,1.3,2.2,1.7,,2.9,,
294,Metron Analysis,Το Βήμα,2019-05-16,1001,29.4,37.7,5.3,7.7,4.8,1.5,0.9,1.7,1.2,1.5,2.1,,
295,MRB,,2019-05-16,1002,27.0,34.5,7.3,7.6,6.8,2.9,1.4,2.5,,,1.9,,
296,Interview,,2019-05-14,1000,26.0,35.0,7.0,8.0,7.0,1.0,1.0,2.0,1.0,1.0,3.0,,
297,Marc,,2019-05-14,1292,26.0,35.0,7.0,8.0,6.0,1.0,1.0,2.0,2.0,,3.0,,
298,Vox Pop Analysis,Documento,2019-05-08,1286,32.0,35.0,7.0,6.0,5.0,0.8,0.0,1.0,1.0,1.0,2.0,,
299,MRB,Star,2019-05-08,1139,27.0,35.0,7.0,8.0,7.0,2.0,1.0,2.0,,,2.0,,
300,MRB,Star,2019-05-08,1139,27.0,36.0,7.0,8.0,7.0,2.0,1.0,3.0,,,2.0,,
301,Alco,,2019-05-06,1000,26.0,34.0,7.0,7.0,6.0,,,3.0,3.0,,3.0,,
302,Pulse RC,ΣΚΑΪ,2019-04-20,1010,25.0,35.5,8.5,8.5,6.5,1.5,1.5,2.5,1.5,1.0,2.5,,
303,Interview,Βεργίνα TV,2019-04-17,1005,22.7,36.4,7.2,7.9,7.0,1.4,1.3,2.0,1.3,1.3,2.3,,
304,Interview,Βεργίνα TV,2019-04-17,1005,25.4,36.8,8.7,8.1,7.0,1.4,1.5,2.4,1.6,1.7,2.9,,
305,Metron Analysis,Alpha TV,2019-04-17,1200,25.6,35.0,5.9,8.5,7.5,2.1,1.2,2.6,1.3,1.3,2.3,,
306,Metron Analysis,Alpha TV,2019-04-17,1200,27.3,37.5,6.7,8.7,6.4,2.0,1.3,2.2,,,3.1,,
307,Opinion Poll,ΘΕΜΑ 104.6,2019-04-17,1204,21.8,40.6,6.7,7.1,6.3,1.7,0.4,2.3,1.6,1.3,2.3,,
308,MRB,Star,2019-04-03,1003,25.6,36.5,7.5,7.5,6.7,2.1,1.2,2.4,,,1.9,,
309,MRB,Star,2019-04-03,1003,27.4,37.3,7.3,7.6,7.2,1.6,1.2,2.4,,,2.7,,
310,Marc,Πρώτο ΘΕΜΑ,2019-04-01,1200,24.8,39.2,7.2,8.9,6.3,1.5,,2.0,,,2.0,,
311,Marc,Πρώτο ΘΕΜΑ,2019-04-01,1200,26.1,37.2,7.1,7.9,6.3,1.3,,3.1,1.1,1.1,3.1,,
312,RASS,in.gr,2019-03-28,1005,25.2,35.9,8.3,10.7,8.5,,1.7,3.2,,,2.0,,
313,Pulse RC,ΣΚΑΪ,2019-03-27,1452,25.0,37.0,8.0,8.0,7.0,2.0,2.0,2.0,,2.0,3.0,,
314,Alco,,2019-03-26,1000,24.0,33.0,9.0,7.0,7.0,,,2.0,3.0,,3.0,,
315,Pulse RC,,2019-03-20,1452,24.0,36.0,7.0,8.0,6.0,,,2.0,,,,,
316,Vox Pop Analysis,Documento,2019-03-20,1000,28.2,30.5,7.8,5.8,4.4,0.8,0.4,0.7,,,,,
317,Metron Analysis,Το Βήμα,2019-03-20,1204,26.0,36.8,7.5,7.4,6.2,1.5,1.4,1.8,1.7,,2.1,,
318,Pulse RC,ΣΚΑΪ,2019-02-26,1323,24.5,37.0,9.0,8.0,7.0,1.0,1.0,2.0,1.0,1.0,3.0,,
319,Alco,Open,2019-02-23,1000,25.0,32.8,7.3,5.7,7.0,1.8,1.9,3.7,3.6,,1.9,,
320,Public Issue,,2019-02-14,1002,24.5,39.0,7.5,8.5,7.5,1.0,1.0,2.5,,,3.0,,
321,Interview,Βεργίνα TV,2019-02-05,1000,24.7,36.7,7.5,6.1,6.5,1.4,1.7,2.8,1.6,1.5,3.3,,
322,Prorata,Η Εφημερίδα των Συντακτών,2019-02-04,1000,24.5,30.0,7.0,6.0,5.5,0.5,,1.5,0.5,1.0,2.5,,
323,Vox Pop Analysis,Documento,2019-02-02,1205,25.1,37.2,9.1,4.8,6.1,,1.3,2.7,1.5,,2.8,,
324,Metron Analysis,Το Βήμα,2019-01-29,7536,27.5,29.5,9.2,4.8,3.5,0.7,0.9,1.9,0.9,1.3,2.2,,
325,RASS,in.gr,2019-01-24,1004,25.2,36.6,8.6,10.3,8.4,,1.9,2.8,,,2.6,,
326,Pulse RC,ΣΚΑΪ,2019-01-22,1356,26.0,38.0,9.0,7.5,6.5,1.0,1.0,2.0,1.0,1.0,2.0,,
327,Marc,Πρώτο ΘΕΜΑ,2019-01-17,1002,26.9,37.3,7.5,7.5,6.9,2.2,1.7,2.7,1.4,,2.6,,
328,Opinion Poll,,2019-01-16,1000,22.0,42.5,5.8,5.1,5.5,1.0,0.5,2.0,1.7,2.0,2.9,,
329,Pulse RC,ΣΚΑΪ,2018-12-18,1354,26.0,38.0,8.0,8.0,7.0,1.5,1.5,2.0,,,2.0,,
330,Alco,Open,2018-12-10,1000,25.4,32.8,8.6,6.4,7.4,1.5,2.4,2.3,3.4,,2.4,,
331,MRB,real.gr,2018-12-06,2000,27.6,37.1,8.1,8.1,7.1,1.7,1.7,2.7,,,1.5,,
332,Κάπα Research,thebest.gr,2018-12-06,1004,25.7,31.7,9.5,8.1,7.4,1.9,2.8,2.9,1.6,,2.3,,
333,Palmos Analysis,TVXS,2018-11-23,1025,28.5,34.0,7.5,6.5,6.5,2.5,1.5,3.5,,,2.0,,
334,Metron Analysis,Τα Νέα,2018-11-21,1205,26.9,37.8,7.2,6.9,6.3,2.5,1.3,2.4,,,2.0,,
335,Pulse RC,ΣΚΑΪ,2018-11-20,1356,25.5,36.5,8.5,9.0,7.5,2.0,2.0,2.5,1.0,,2.0,,
336,Public Issue,,2018-11-16,1000,22.0,38.5,7.0,9.5,7.5,2.0,1.0,2.0,,,,,
337,Marc,Πρώτο ΘΕΜΑ,2018-10-24,1002,23.7,36.8,7.6,8.4,7.3,2.3,1.5,2.8,1.5,,2.2,,
338,Pulse RC,ΣΚΑΪ,2018-10-16,1355,25.0,38.0,9.0,8.5,7.5,2.0,2.0,2.0,1.0,,2.5,,
339,Palmos Analysis,TVXS,2018-09-21,1016,28.0,34.0,5.5,8.0,6.0,2.5,1.5,2.5,,,,,
340,Metron Analysis,Τα Νέα,2018-09-20,1000,25.2,36.9,6.0,8.1,6.7,2.3,1.3,3.2,1.6,1.6,1.4,,
341,MRB,Star,2018-09-19,1004,26.9,37.6,7.3,7.9,7.2,1.2,1.8,3.2,,,1.6,,
342,Alco,Kontra Channel,2018-09-19,1000,25.8,33.3,8.0,6.5,7.5,1.7,2.6,2.9,2.5,,1.5,,
343,Κάπα Research,ΕΘΝΟΣ,2018-09-18,1005,25.2,31.4,10.1,8.8,7.1,1.7,3.2,2.9,2.0,,1.9,,
344,Pulse RC,ΣΚΑΪ,2018-09-18,1354,26.0,38.0,9.0,8.0,7.0,2.0,2.0,2.5,1.0,,2.5,,
345,Marc,Πρώτο ΘΕΜΑ,2018-09-08,1000,23.2,36.4,8.4,7.8,7.3,1.8,1.4,3.1,1.7,,2.5,,
346,Κάπα Research,ΕΘΝΟΣ,2018-07-02,1004,23.4,30.6,11.4,9.1,7.5,,2.6,3.4,2.0,,2.8,,
347,MRB,Real,2018-06-29,2000,25.2,36.8,8.4,10.6,6.9,,2.1,3.4,,,1.3,,
348,Metron Analysis,Τα Νέα,2018-06-28,1000,22.6,36.7,8.0,9.9,6.8,,2.0,3.2,,1.6,2.8,,
349,Alco,Kontra Channel,2018-06-27,1000,23.6,32.6,7.5,7.4,8.6,,1.4,3.6,2.5,,2.2,,
350,Pulse RC,ΣΚΑΪ,2018-06-26,1323,24.5,39.0,8.5,8.5,7.0,,2.0,2.9,1.0,1.0,2.0,,
351,Marc,Πρώτο ΘΕΜΑ,2018-06-15,1000,20.0,37.8,9.0,9.3,7.9,,2.1,3.4,2.0,,2.1,,
352,RASS,Action 24,2018-05-31,1002,23.7,36.2,8.5,11.8,8.3,,3.0,3.4,,,,,
353,Alco,Kontra Channel,2018-05-20,1000,20.2,25.7,7.0,6.4,6.0,,1.8,2.3,2.1,,1.6,,
354,Pulse RC,ΣΚΑΪ,2018-05-15,1341,25.0,37.0,9.0,9.0,7.0,,2.5,2.5,1.0,1.0,1.5,,
355,Public Issue,,2018-05-07,1003,20.0,39.0,8.5,11.0,6.5,,1.5,3.5,,,,,
356,Metron Analysis,Τα Νέα,2018-04-21,1000,23.3,36.3,7.1,9.0,6.7,,2.5,3.3,1.5,2.3,1.6,,
357,Pulse RC,ΣΚΑΪ,2018-04-17,1356,24.5,36.0,9.0,10.5,7.5,,2.5,2.5,,,1.5,,
358,Alco,Ραδιόφωνο 24/7,2018-04-16,1000,24.5,31.4,8.8,7.9,6.3,,2.6,2.6,3.7,1.9,,,
359,Palmos Analysis,TVXS,2018-04-15,1009,25.5,32.5,7.5,9.5,8.5,,2.5,3.0,,,,,
360,Κάπα Research,ΕΘΝΟΣ,2018-04-03,8000,22.6,28.4,10.3,10.3,8.3,,3.3,3.0,2.0,1.8,2.2,,
361,Marc,Πρώτο ΘΕΜΑ,2018-03-23,1000,22.7,35.3,8.9,9.8,7.8,,2.1,3.2,2.1,1.3,1.3,,
362,Pulse RC,ΣΚΑΪ,2018-03-13,1304,24.5,36.0,9.0,10.0,7.0,,2.5,2.5,,1.0,1.0,,
363,RASS,Πρώτο Θέμα,2018-03-08,1002,23.4,35.8,8.8,12.4,7.7,,3.0,3.3,,,,,
364,Pulse RC,Δημοκρατία,2018-03-03,1207,25.0,35.5,9.5,9.5,7.0,,2.5,2.5,1.0,2.5,1.0,,
365,Opinion Poll,Παρασκήνιο,2018-03-03,1000,25.6,38.7,7.0,9.1,7.1,,1.2,2.9,2.6,,,,
366,Alco,ΕΘΝΟΣ,2018-02-24,1000,24.7,32.0,10.3,9.3,7.5,,3.0,2.7,3.0,1.3,,,
367,Metron Analysis,Το Βήμα,2018-02-23,2300,25.2,34.9,9.4,8.4,7.0,,2.5,3.0,1.9,,1.5,,
368,Pulse RC,Action 24,2018-01-29,1518,24.0,36.5,9.5,10.5,6.5,,2.5,2.5,1.0,1.0,1.0,,
369,Metron Analysis,Τα Νέα,2018-01-20,1000,24.9,35.4,6.6,9.8,6.9,,2.7,3.2,,2.7,1.9,,
370,Alco,Ραδιόφωνο 24/7,2018-01-18,1000,25.0,32.7,9.3,9.7,7.3,,2.9,2.6,4.0,,,,
371,Public Issue,,2018-01-18,1010,21.5,37.0,8.0,13.0,7.5,1.0,2.0,2.0,,,,,
372,Marc,Πρώτο ΘΕΜΑ,2018-01-13,1000,22.9,35.1,8.1,11.0,7.7,,2.9,3.4,2.2,1.5,,,
